date,pm25,year,month
2020-01-01,59.93428306022466,2020,1
2020-01-02,47.23471397657631,2020,1
2020-01-03,62.953770762013846,2020,1
2020-01-04,80.46059712816052,2020,1
2020-01-05,45.31693250553328,2020,1
2020-01-06,45.317260861016386,2020,1
2020-01-07,81.58425631014782,2020,1
2020-01-08,65.34869458305818,2020,1
2020-01-09,40.610512281300956,2020,1
2020-01-10,60.85120087171929,2020,1
2020-01-11,40.73164614375075,2020,1
2020-01-12,40.68540492859486,2020,1
2020-01-13,54.839245431320684,2020,1
2020-01-14,11.73439510684404,2020,1
2020-01-15,15.501643349739346,2020,1
2020-01-16,38.754249415180546,2020,1
2020-01-17,29.743377593311525,2020,1
2020-01-18,56.28494665190548,2020,1
2020-01-19,31.83951848957578,2020,1
2020-01-20,21.75392597329417,2020,1
2020-01-21,79.31297537843108,2020,1
2020-01-22,45.48447399026929,2020,1
2020-01-23,51.35056409375848,2020,1
2020-01-24,21.505036275730866,2020,1
2020-01-25,39.11234550949635,2020,1
2020-01-26,52.21845179419732,2020,1
2020-01-27,26.980128451553945,2020,1
2020-01-28,57.51396036691344,2020,1
2020-01-29,37.9872262016239,2020,1
2020-01-30,44.166125004134464,2020,1
2020-01-31,37.96586775541206,2020,1
2020-02-01,87.04556369017875,2020,2
2020-02-02,49.730055505241324,2020,2
2020-02-03,28.84578142088199,2020,2
2020-02-04,66.45089824206377,2020,2
2020-02-05,25.583127000579555,2020,2
2020-02-06,54.17727190009511,2020,2
2020-02-07,10.806597522404488,2020,2
2020-02-08,23.43627902203139,2020,2
2020-02-09,53.93722471738247,2020,2
2020-02-10,64.76933159990821,2020,2
2020-02-11,53.42736562379941,2020,2
2020-02-12,47.68703435223519,2020,2
2020-02-13,43.977926088214225,2020,2
2020-02-14,20.42956019265145,2020,2
2020-02-15,35.60311583210583,2020,2
2020-02-16,40.78722458080425,2020,2
2020-02-17,71.1424445243783,2020,2
2020-02-18,56.872365791369226,2020,2
2020-02-19,14.73919689274532,2020,2
2020-02-20,56.4816793878959,2020,2
2020-02-21,42.29835439167367,2020,2
2020-02-22,36.461559993880826,2020,2
2020-02-23,62.23352577681736,2020,2
2020-02-24,70.61999044991902,2020,2
2020-02-25,68.62560238232398,2020,2
2020-02-26,33.21564953554723,2020,2
2020-02-27,43.81575248297571,2020,2
2020-02-28,56.62526862807128,2020,2
2020-02-29,69.51090254244718,2020,2
2020-03-01,40.4165152430942,2020,3
2020-03-02,46.286820466723654,2020,3
2020-03-03,27.873300519879436,2020,3
2020-03-04,26.075867518386584,2020,3
2020-03-05,66.25051644788397,2020,3
2020-03-06,77.12480057141646,2020,3
2020-03-07,48.55979756839332,2020,3
2020-03-08,70.07065795784048,2020,3
2020-03-09,57.23272050095268,2020,3
2020-03-10,37.09760490789751,2020,3
2020-03-11,57.227912110168276,2020,3
2020-03-12,80.76073132931938,2020,3
2020-03-13,49.283479217800966,2020,3
2020-03-14,81.29287311628012,2020,3
2020-03-15,5.0,2020,3
2020-03-16,66.43805008750448,2020,3
2020-03-17,51.74094136476342,2020,3
2020-03-18,44.01985299068265,2020,3
2020-03-19,51.835215530710045,2020,3
2020-03-20,10.248621707982146,2020,3
2020-03-21,45.60656224324976,2020,3
2020-03-22,57.14225143023493,2020,3
2020-03-23,79.55788089483032,2020,3
2020-03-24,39.63459563452705,2020,3
2020-03-25,33.830127942136244,2020,3
2020-03-26,39.96485912830927,2020,3
2020-03-27,68.30804235404148,2020,3
2020-03-28,56.57502219319369,2020,3
2020-03-29,39.404795924659226,2020,3
2020-03-30,60.26534866226712,2020,3
2020-03-31,51.941550986960806,2020,3
2020-04-01,69.37289981065778,2020,4
2020-04-02,35.95893812245295,2020,4
2020-04-03,43.44675706804463,2020,4
2020-04-04,42.15783693735685,2020,4
2020-04-05,20.72970103735763,2020,4
2020-04-06,55.922405541291525,2020,4
2020-04-07,55.221105443597786,2020,4
2020-04-08,50.102269132849216,2020,4
2020-04-09,45.308257332497064,2020,4
2020-04-10,21.692585158991715,2020,4
2020-04-11,41.58709354469282,2020,4
2020-04-12,43.14570966946461,2020,4
2020-04-13,33.95445461556762,2020,4
2020-04-14,46.77428576667982,2020,4
2020-04-15,58.08101713629077,2020,4
2020-04-16,87.7237180242106,2020,4
2020-04-17,53.49155625663678,2020,4
2020-04-18,55.15100781445528,2020,4
2020-04-19,48.511081684676654,2020,4
2020-04-20,11.624575694019171,2020,4
2020-04-21,49.46972249101566,2020,4
2020-04-22,51.204604198820526,2020,4
2020-04-23,99.26484224970572,2020,4
2020-04-24,46.15278070437755,2020,4
2020-04-25,56.03094684667225,2020,4
2020-04-26,49.305764605895135,2020,4
2020-04-27,26.62643924760936,2020,4
2020-04-28,72.85645629030041,2020,4
2020-04-29,65.03866065373549,2020,4
2020-04-30,65.82063894086093,2020,4
2020-05-01,31.81225090410522,2020,5
2020-05-02,78.05588621872198,2020,5
2020-05-03,21.962978744154384,2020,5
2020-05-04,61.73714187600541,2020,5
2020-05-05,93.80911251619958,2020,5
2020-05-06,30.189273497386232,2020,5
2020-05-07,38.67404540794456,2020,5
2020-05-08,51.993027301752825,2020,5
2020-05-09,39.93048691767601,2020,5
2020-05-10,18.986731378677348,2020,5
2020-05-11,51.371259496120544,2020,5
2020-05-12,28.753925725477902,2020,5
2020-05-13,59.47184861270363,2020,5
2020-05-14,31.61151531532394,2020,5
2020-05-15,80.99868810035079,2020,5
2020-05-16,34.334934153275256,2020,5
2020-05-17,43.55876967588649,2020,5
2020-05-18,66.27034434739339,2020,5
2020-05-19,25.382713671320897,2020,5
2020-05-20,54.54919869208259,2020,5
2020-05-21,76.14285508564856,2020,5
2020-05-22,17.85033530877545,2020,5
2020-05-23,53.692677170646085,2020,5
2020-05-24,55.19765588496847,2020,5
2020-05-25,65.6364574355462,2020,5
2020-05-26,25.26098578243836,2020,5
2020-05-27,23.590867738314472,2020,5
2020-05-28,60.43883131233795,2020,5
2020-05-29,55.93969346466372,2020,5
2020-05-30,55.00985700691753,2020,5
2020-05-31,56.928964189939514,2020,5
2020-06-01,36.399505568430186,2020,6
2020-06-02,54.64507394322007,2020,6
2020-06-03,55.86144946597362,2020,6
2020-06-04,35.71297163947264,2020,6
2020-06-05,87.31549022289514,2020,6
2020-06-06,59.47665841823575,2020,6
2020-06-07,26.17393005594703,2020,6
2020-06-08,63.131072172676596,2020,6
2020-06-09,30.50636659545357,2020,6
2020-06-10,65.74169207484904,2020,6
2020-06-11,73.17191158014808,2020,6
2020-06-12,33.58635363296579,2020,6
2020-06-13,69.26752258488644,2020,6
2020-06-14,58.25561853872996,2020,6
2020-06-15,66.4412031998898,2020,6
2020-06-16,87.93585965307895,2020,6
2020-06-17,45.09223767994259,2020,6
2020-06-18,34.925276712850206,2020,6
2020-06-19,32.209711407489536,2020,6
2020-06-20,33.68379430069123,2020,6
2020-06-21,48.45796581171792,2020,6
2020-06-22,56.823039496332875,2020,6
2020-06-23,55.53381598660038,2020,6
2020-06-24,66.54366498072048,2020,6
2020-06-25,50.26003783755814,2020,6
2020-06-26,79.07068154314634,2020,6
2020-06-27,44.70686333524088,2020,6
2020-06-28,104.40338333179238,2020,6
2020-06-29,62.51334695530012,2020,6
2020-06-30,32.856848871674345,2020,6
2020-07-01,28.582150038777755,2020,7
2020-07-02,59.649448304863704,2020,7
2020-07-03,45.53074429348298,2020,7
2020-07-04,64.28000988184183,2020,7
2020-07-05,59.4647524914709,2020,7
2020-07-06,48.54342174686254,2020,7
2020-07-07,33.0641256386319,2020,7
2020-07-08,19.70305550628271,2020,7
2020-07-09,41.06970095865958,2020,7
2020-07-10,67.12797588646944,2020,7
2020-07-11,54.28187488260408,2020,7
2020-07-12,25.085224425760238,2020,7
2020-07-13,53.46361851702364,2020,7
2020-07-14,57.706347594576734,2020,7
2020-07-15,32.32285127597734,2020,7
2020-07-16,53.07450211891056,2020,7
2020-07-17,51.16417436892,2020,7
2020-07-18,27.140594043387537,2020,7
2020-07-19,57.155747206965664,2020,7
2020-07-20,61.215690527364686,2020,7
2020-07-21,71.66102486350553,2020,7
2020-07-22,71.07604104069806,2020,7
2020-07-23,22.446612640858177,2020,7
2020-07-24,31.243499201697546,2020,7
2020-07-25,60.300705344173195,2020,7
2020-07-26,60.275719018244175,2020,7
2020-07-27,60.30095372612096,2020,7
2020-07-28,127.05462981309442,2020,7
2020-07-29,61.41781021386334,2020,7
2020-07-30,72.71131280361197,2020,7
2020-07-31,69.08003526986406,2020,7
2020-08-01,63.02782502611596,2020,8
2020-08-02,43.69461510719309,2020,8
2020-08-03,65.17938440986535,2020,8
2020-08-04,34.54349570924856,2020,8
2020-08-05,45.26362786519982,2020,8
2020-08-06,40.29272904341793,2020,8
2020-08-07,51.63748278772645,2020,8
2020-08-08,96.29317133347017,2020,8
2020-08-09,12.654696148165037,2020,8
2020-08-10,63.72520380749027,2020,8
2020-08-11,17.745682576206967,2020,8
2020-08-12,40.56136268421133,2020,8
2020-08-13,71.77901193934733,2020,8
2020-08-14,51.285600381909255,2020,8
2020-08-15,28.44510444141388,2020,8
2020-08-16,35.693925814800636,2020,8
2020-08-17,63.591954978693515,2020,8
2020-08-18,35.39266736565727,2020,8
2020-08-19,54.329171791639496,2020,8
2020-08-20,50.911436798076274,2020,8
2020-08-21,36.96799304788366,2020,8
2020-08-22,92.87888178650651,2020,8
2020-08-23,62.67838044636022,2020,8
2020-08-24,9.497148266847859,2020,8
2020-08-25,53.729086295388555,2020,8
2020-08-26,36.76427070463224,2020,8
2020-08-27,67.04866669592448,2020,8
2020-08-28,34.14958523134599,2020,8
2020-08-29,47.70527117066202,2020,8
2020-08-30,60.09974557960914,2020,8
2020-08-31,67.31510388340243,2020,8
2020-09-01,25.994071858884475,2020,9
2020-09-02,43.30997528318103,2020,9
2020-09-03,40.50109377678088,2020,9
2020-09-04,36.93341534852576,2020,9
2020-09-05,85.30908480562194,2020,9
2020-09-06,58.09963421921911,2020,9
2020-09-07,24.782320913299095,2020,9
2020-09-08,68.35723894109552,2020,9
2020-09-09,92.44312394025266,2020,9
2020-09-10,70.64930521102293,2020,9
2020-09-11,19.612600680919734,2020,9
2020-09-12,40.31531854267497,2020,9
2020-09-13,75.33822298373245,2020,9
2020-09-14,35.846610687624384,2020,9
2020-09-15,58.87638856292457,2020,9
2020-09-16,65.49268106858673,2020,9
2020-09-17,31.46139056843834,2020,9
2020-09-18,48.809492878764,2020,9
2020-09-19,5.0,2020,9
2020-09-20,29.512247173314204,2020,9
2020-09-21,44.948636972136796,2020,9
2020-09-22,25.04433636070301,2020,9
2020-09-23,82.6482260786327,2020,9
2020-09-24,21.397172440787347,2020,9
2020-09-25,41.19911026606032,2020,9
2020-09-26,52.61481154572183,2020,9
2020-09-27,78.82546578132231,2020,9
2020-09-28,21.282756976411214,2020,9
2020-09-29,73.26327504309918,2020,9
2020-09-30,50.20466122039174,2020,9
2020-10-01,30.36982697904098,2020,10
2020-10-02,59.24206948526542,2020,10
2020-10-03,53.981193911469404,2020,10
2020-10-04,37.99566245682411,2020,10
2020-10-05,51.39604169980038,2020,10
2020-10-06,42.2937280627648,2020,10
2020-10-07,52.27034690502496,2020,10
2020-10-08,63.242613490420936,2020,10
2020-10-09,81.72033632290704,2020,10
2020-10-10,25.243690023463017,2020,10
2020-10-11,92.66066749312533,2020,10
2020-10-12,10.958244009549965,2020,10
2020-10-13,46.964298099288335,2020,10
2020-10-14,61.76634412969153,2020,10
2020-10-15,55.61983735470065,2020,10
2020-10-16,37.546009603588125,2020,10
2020-10-17,45.83755499285449,2020,10
2020-10-18,40.139981306823344,2020,10
2020-10-19,38.21270486111577,2020,10
2020-10-20,66.99204194042049,2020,10
2020-10-21,57.140309719300944,2020,10
2020-10-22,36.14180809478692,2020,10
2020-10-23,67.99199750866501,2020,10
2020-10-24,56.14599041753219,2020,10
2020-10-25,66.2572423767792,2020,10
2020-10-26,62.59257683847224,2020,10
2020-10-27,33.420099781558555,2020,10
2020-10-28,38.79637919606061,2020,10
2020-10-29,64.94587210246523,2020,10
2020-10-30,62.207405308669294,2020,10
2020-10-31,49.581968120717036,2020,10
2020-11-01,52.34654766617564,2020,11
2020-11-02,75.5532979157685,2020,11
2020-11-03,38.168572223283405,2020,11
2020-11-04,60.94194762340076,2020,11
2020-11-05,45.95614695132212,2020,11
2020-11-06,45.646375935455595,2020,11
2020-11-07,71.9755370397438,2020,11
2020-11-08,66.5083269797606,2020,11
2020-11-09,66.27019272001277,2020,11
2020-11-10,76.10957614308658,2020,11
2020-11-11,50.420076832655184,2020,11
2020-11-12,63.639059425899276,2020,11
2020-11-13,43.79466486813088,2020,11
2020-11-14,56.483327049768846,2020,11
2020-11-15,47.397138912646305,2020,11
2020-11-16,51.93991929985437,2020,11
2020-11-17,61.903140508738275,2020,11
2020-11-18,33.63558633533055,2020,11
2020-11-19,91.84774551370921,2020,11
2020-11-20,29.87965237000596,2020,11
2020-11-21,25.71622774424536,2020,11
2020-11-22,73.16221747000135,2020,11
2020-11-23,65.83325387925872,2020,11
2020-11-24,62.4823963410431,2020,11
2020-11-25,62.5669101852856,2020,11
2020-11-26,49.75506454306171,2020,11
2020-11-27,32.05491257028337,2020,11
2020-11-28,51.51609116387453,2020,11
2020-11-29,36.456765769757766,2020,11
2020-11-30,69.50239466835502,2020,11
2020-12-01,47.05885236995723,2020,12
2020-12-02,33.49005606414977,2020,12
2020-12-03,43.57228316694013,2020,12
2020-12-04,58.25862908551249,2020,12
2020-12-05,38.7255089439205,2020,12
2020-12-06,33.555592088671375,2020,12
2020-12-07,54.873744229838245,2020,12
2020-12-08,54.899331422174455,2020,12
2020-12-09,39.8611364925774,2020,12
2020-12-10,40.57923388763354,2020,12
2020-12-11,54.64099874715273,2020,12
2020-12-12,21.038313170053517,2020,12
2020-12-13,21.850724512468894,2020,12
2020-12-14,35.63111557495128,2020,12
2020-12-15,45.73105696576305,2020,12
2020-12-16,56.21815131196009,2020,12
2020-12-17,79.50712433899105,2020,12
2020-12-18,67.15319246404039,2020,12
2020-12-19,46.80122940073146,2020,12
2020-12-20,49.619675841946226,2020,12
2020-12-21,29.949412707243823,2020,12
2020-12-22,49.6297372801522,2020,12
2020-12-23,44.22682722159723,2020,12
2020-12-24,56.45437120676179,2020,12
2020-12-25,33.45538112895354,2020,12
2020-12-26,60.38693028482345,2020,12
2020-12-27,80.65477826005156,2020,12
2020-12-28,47.82479703086285,2020,12
2020-12-29,58.034234441978825,2020,12
2020-12-30,63.80287983422225,2020,12
2020-12-31,41.97559056228327,2020,12
2021-01-01,54.48184963620834,2021,1
2021-01-02,50.2518480156359,2021,1
2021-01-03,51.95352197097664,2021,1
2021-01-04,34.539804322890674,2021,1
2021-01-05,50.49020348517885,2021,1
2021-01-06,59.95996582490899,2021,1
2021-01-07,79.02287215590084,2021,1
2021-01-08,69.18541652170414,2021,1
2021-01-09,93.06364915023113,2021,1
2021-01-10,34.65304874223901,2021,1
2021-01-11,67.44641273441357,2021,1
2021-01-12,53.666840114767034,2021,1
2021-01-13,93.79605866435344,2021,1
2021-01-14,33.83403429289697,2021,1
2021-01-15,33.20556315638448,2021,1
2021-01-16,38.01214709111956,2021,1
2021-01-17,7.522085513803859,2021,1
2021-01-18,39.48489956638478,2021,1
2021-01-19,34.81734676892604,2021,1
2021-01-20,53.00787572952415,2021,1
2021-01-21,56.83511951554319,2021,1
2021-01-22,87.52341678431773,2021,1
2021-01-23,69.008476763721,2021,1
2021-01-24,38.46192688675194,2021,1
2021-01-25,32.03170657303284,2021,1
2021-01-26,59.838383430130115,2021,1
2021-01-27,23.595335859587156,2021,1
2021-01-28,86.62917531708707,2021,1
2021-01-29,73.58880241442574,2021,1
2021-01-30,40.616486957905906,2021,1
2021-01-31,15.737309418182448,2021,1
2021-02-01,77.07744748330825,2021,2
2021-02-02,47.70920309494764,2021,2
2021-02-03,74.75632623946923,2021,2
2021-02-04,18.111446824112658,2021,2
2021-02-05,38.012499540924544,2021,2
2021-02-06,50.104873994363665,2021,2
2021-02-07,50.939611875294844,2021,2
2021-02-08,40.99869057041513,2021,2
2021-02-09,62.45699864694998,2021,2
2021-02-10,28.647591412348113,2021,2
2021-02-11,47.15241029957413,2021,2
2021-02-12,52.40591263423798,2021,2
2021-02-13,60.28877668117498,2021,2
2021-02-14,64.2322975617778,2021,2
2021-02-15,27.507158163242615,2021,2
2021-02-16,19.317716585287556,2021,2
2021-02-17,75.55353643797018,2021,2
2021-02-18,56.64628023959183,2021,2
2021-02-19,35.03026926886893,2021,2
2021-02-20,81.02303951045046,2021,2
2021-02-21,52.31349268585717,2021,2
2021-02-22,73.58594368127653,2021,2
2021-02-23,51.35036962820218,2021,2
2021-02-24,91.21495849763974,2021,2
2021-02-25,85.10681684886409,2021,2
2021-02-26,45.02071703041853,2021,2
2021-02-27,69.43141901908712,2021,2
2021-02-28,62.90751899170295,2021,2
2021-03-01,77.37263115064698,2021,3
2021-03-02,30.70153078839791,2021,3
2021-03-03,63.72102919996878,2021,3
2021-03-04,71.16848973699176,2021,3
2021-03-05,14.825210271537713,2021,3
2021-03-06,26.3348297466845,2021,3
2021-03-07,9.21535644479799,2021,3
2021-03-08,44.61186331110885,2021,3
2021-03-09,64.35084511591924,2021,3
2021-03-10,80.04714104192055,2021,3
2021-03-11,51.481895608395504,2021,3
2021-03-12,82.57231091142583,2021,3
2021-03-13,22.39797083570217,2021,3
2021-03-14,15.932351212896904,2021,3
2021-03-15,48.889046022067625,2021,3
2021-03-16,57.68130897878615,2021,3
2021-03-17,49.34610503811814,2021,3
2021-03-18,8.651157999202468,2021,3
2021-03-19,48.21759920974423,2021,3
2021-03-20,23.910609989902937,2021,3
2021-03-21,63.39345097660077,2021,3
2021-03-22,57.331964921936965,2021,3
2021-03-23,31.202404273452895,2021,3
2021-03-24,39.72266165326613,2021,3
2021-03-25,28.81572956222097,2021,3
2021-03-26,48.74641805453656,2021,3
2021-03-27,69.10284641002477,2021,3
2021-03-28,30.285479073289125,2021,3
2021-03-29,60.08093031035689,2021,3
2021-03-30,39.39484763255118,2021,3
2021-03-31,34.142543354753116,2021,3
2021-04-01,47.85939280090884,2021,4
2021-04-02,29.29515355161252,2021,4
2021-04-03,38.927013893056355,2021,4
2021-04-04,26.04244214822303,2021,4
2021-04-05,89.29450265832779,2021,4
2021-04-06,50.70527103943457,2021,4
2021-04-07,36.005489840148286,2021,4
2021-04-08,54.27959821468444,2021,4
2021-04-09,47.753439006183406,2021,4
2021-04-10,45.58060800933554,2021,4
2021-04-11,62.28333400086851,2021,4
2021-04-12,65.1501542009461,2021,4
2021-04-13,39.38997704778945,2021,4
2021-04-14,38.4836351871064,2021,4
2021-04-15,44.49896605696712,2021,4
2021-04-16,5.0,2021,4
2021-04-17,19.696178756028957,2021,4
2021-04-18,77.3374853488905,2021,4
2021-04-19,82.89935427002567,2021,4
2021-04-20,45.01927920887243,2021,4
2021-04-21,61.53113926111533,2021,4
2021-04-22,56.22500309087072,2021,4
2021-04-23,111.57761616910476,2021,4
2021-04-24,72.39149822869153,2021,4
2021-04-25,47.44164817038467,2021,4
2021-04-26,30.889191187991486,2021,4
2021-04-27,17.871073594848554,2021,4
2021-04-28,54.06927271734446,2021,4
2021-04-29,34.87298509431393,2021,4
2021-04-30,21.554925808046516,2021,4
2021-05-01,37.06854231514947,2021,5
2021-05-02,28.3690399277121,2021,5
2021-05-03,83.74283270145129,2021,5
2021-05-04,67.63279513898901,2021,5
2021-05-05,49.84054717366765,2021,5
2021-05-06,79.59888277780053,2021,5
2021-05-07,51.547366152952364,2021,5
2021-05-08,32.774315973434724,2021,5
2021-05-09,80.46248154539315,2021,5
2021-05-10,60.77820087369317,2021,5
2021-05-11,29.255076913470873,2021,5
2021-05-12,46.193226438327834,2021,5
2021-05-13,32.48763493230486,2021,5
2021-05-14,22.344005380713277,2021,5
2021-05-15,68.52355095063282,2021,5
2021-05-16,88.18833280940261,2021,5
2021-05-17,22.028648523617175,2021,5
2021-05-18,61.259384733811416,2021,5
2021-05-19,36.98714861756346,2021,5
2021-05-20,40.25749232470608,2021,5
2021-05-21,38.15212151522262,2021,5
2021-05-22,32.72018460640368,2021,5
2021-05-23,50.97043255889654,2021,5
2021-05-24,33.38099767177924,2021,5
2021-05-25,55.40913651559678,2021,5
2021-05-26,48.99523781101726,2021,5
2021-05-27,45.22103906267181,2021,5
2021-05-28,31.84872675916804,2021,5
2021-05-29,38.46457338863335,2021,5
2021-05-30,65.10782451651512,2021,5
2021-05-31,60.01834375248762,2021,5
2021-06-01,30.448895104028978,2021,6
2021-06-02,51.986646108584516,2021,6
2021-06-03,65.02774246743579,2021,6
2021-06-04,16.61189437757257,2021,6
2021-06-05,60.8672038475987,2021,6
2021-06-06,36.74752482108307,2021,6
2021-06-07,61.41197337186318,2021,6
2021-06-08,34.73481686914966,2021,6
2021-06-09,13.902357986709617,2021,6
2021-06-10,17.449151242336747,2021,6
2021-06-11,50.96169893322764,2021,6
2021-06-12,55.194450034429636,2021,6
2021-06-13,31.913667497911828,2021,6
2021-06-14,62.77184917554748,2021,6
2021-06-15,16.7695987546208,2021,6
2021-06-16,48.678404027053666,2021,6
2021-06-17,25.77967600475087,2021,6
2021-06-18,36.96327784395682,2021,6
2021-06-19,50.94797342632828,2021,6
2021-06-20,32.791732694320956,2021,6
2021-06-21,42.308889115403495,2021,6
2021-06-22,70.1258561842888,2021,6
2021-06-23,38.462162609537025,2021,6
2021-06-24,66.71384224130284,2021,6
2021-06-25,27.405862906847638,2021,6
2021-06-26,60.59608355830566,2021,6
2021-06-27,78.83137241315801,2021,6
2021-06-28,5.0,2021,6
2021-06-29,34.062094890590465,2021,6
2021-06-30,61.5414425436108,2021,6
2021-07-01,45.93909227914015,2021,7
2021-07-02,57.422917467426174,2021,7
2021-07-03,37.92029626568359,2021,7
2021-07-04,51.731795749458,2021,7
2021-07-05,46.88645529215841,2021,7
2021-07-06,73.35564123319614,2021,7
2021-07-07,55.08841686602426,2021,7
2021-07-08,56.75205324150404,2021,7
2021-07-09,41.76246067755065,2021,7
2021-07-10,40.24787551855013,2021,7
2021-07-11,41.34883624360758,2021,7
2021-07-12,57.88904284756594,2021,7
2021-07-13,41.58031038359474,2021,7
2021-07-14,55.79549713792826,2021,7
2021-07-15,91.50801597290878,2021,7
2021-07-16,67.42249406863385,2021,7
2021-07-17,43.47952935664318,2021,7
2021-07-18,74.02427844327889,2021,7
2021-07-19,41.838492539568975,2021,7
2021-07-20,9.237509296442923,2021,7
2021-07-21,29.838273781651917,2021,7
2021-07-22,12.584161579482888,2021,7
2021-07-23,42.96973031917383,2021,7
2021-07-24,50.368367583791034,2021,7
2021-07-25,83.52874624550566,2021,7
2021-07-26,56.53854747528325,2021,7
2021-07-27,45.61798942382271,2021,7
2021-07-28,66.58811162366979,2021,7
2021-07-29,5.777293819842299,2021,7
2021-07-30,54.71229116217132,2021,7
2021-07-31,65.41730387773933,2021,7
2021-08-01,20.428275084403168,2021,8
2021-08-02,72.87508086413858,2021,8
2021-08-03,56.76992814988828,2021,8
2021-08-04,41.69424172198397,2021,8
2021-08-05,62.6556373221257,2021,8
2021-08-06,95.41385715608791,2021,8
2021-08-07,53.63732510116991,2021,8
2021-08-08,54.96441172600672,2021,8
2021-08-09,40.81278200919512,2021,8
2021-08-10,33.003112610704164,2021,8
2021-08-11,66.60671633088491,2021,8
2021-08-12,32.878323481822655,2021,8
2021-08-13,51.43132474438785,2021,8
2021-08-14,40.44685106469767,2021,8
2021-08-15,59.579596514927836,2021,8
2021-08-16,56.673242105738964,2021,8
2021-08-17,70.75079888515799,2021,8
2021-08-18,39.79967202290506,2021,8
2021-08-19,44.60250129413257,2021,8
2021-08-20,30.424725684353852,2021,8
2021-08-21,41.114134798477764,2021,8
2021-08-22,57.546009860897044,2021,8
2021-08-23,65.13977233290704,2021,8
2021-08-24,31.556693516447492,2021,8
2021-08-25,67.3921184021132,2021,8
2021-08-26,77.11275717609902,2021,8
2021-08-27,58.268698064474016,2021,8
2021-08-28,87.53591625116132,2021,8
2021-08-29,34.52421601792854,2021,8
2021-08-30,25.10690593377166,2021,8
2021-08-31,14.425595021914425,2021,8
2021-09-01,79.92088622978366,2021,9
2021-09-02,63.08731312708115,2021,9
2021-09-03,48.8883065817909,2021,9
2021-09-04,55.59937252639641,2021,9
2021-09-05,27.49021905403247,2021,9
2021-09-06,98.91503959233653,2021,9
2021-09-07,52.58442363950455,2021,9
2021-09-08,52.187895892097856,2021,9
2021-09-09,64.51533247797384,2021,9
2021-09-10,59.620184634734265,2021,9
2021-09-11,54.477680485582624,2021,9
2021-09-12,34.190510891093766,2021,9
2021-09-13,59.42936714271991,2021,9
2021-09-14,87.64048992950067,2021,9
2021-09-15,76.90840092309955,2021,9
2021-09-16,81.86373253278794,2021,9
2021-09-17,39.7756864713763,2021,9
2021-09-18,30.207903594828384,2021,9
2021-09-19,47.48426159800704,2021,9
2021-09-20,51.114498245773895,2021,9
2021-09-21,71.88383036941897,2021,9
2021-09-22,16.150707405703614,2021,9
2021-09-23,80.59100638921228,2021,9
2021-09-24,46.839842028420215,2021,9
2021-09-25,41.4623786010516,2021,9
2021-09-26,29.75791249479665,2021,9
2021-09-27,16.902866562684615,2021,9
2021-09-28,66.46341167923829,2021,9
2021-09-29,51.466359343768076,2021,9
2021-09-30,24.200782005178922,2021,9
2021-10-01,24.09842455872768,2021,10
2021-10-02,43.28430601419743,2021,10
2021-10-03,83.38043050578786,2021,10
2021-10-04,44.8081729727279,2021,10
2021-10-05,19.937140937637878,2021,10
2021-10-06,45.085138718281115,2021,10
2021-10-07,44.54552860504659,2021,10
2021-10-08,5.0,2021,10
2021-10-09,48.91410266964375,2021,10
2021-10-10,45.38130939582644,2021,10
2021-10-11,63.92412729626837,2021,10
2021-10-12,86.9791218989069,2021,10
2021-10-13,72.53130059095514,2021,10
2021-10-14,44.62222618890339,2021,10
2021-10-15,27.869481825166595,2021,10
2021-10-16,101.46719606499721,2021,10
2021-10-17,51.184368680289765,2021,10
2021-10-18,50.27858583825893,2021,10
2021-10-19,49.517498257799936,2021,10
2021-10-20,53.961695215357096,2021,10
2021-10-21,47.11279176152115,2021,10
2021-10-22,38.526759862395274,2021,10
2021-10-23,39.062821175192155,2021,10
2021-10-24,49.34493459568003,2021,10
2021-10-25,39.131504577324705,2021,10
2021-10-26,35.74308434645671,2021,10
2021-10-27,52.12860455383794,2021,10
2021-10-28,44.900455651582895,2021,10
2021-10-29,80.07985977165377,2021,10
2021-10-30,5.0,2021,10
2021-10-31,71.83013703844924,2021,10
2021-11-01,74.92170384995258,2021,11
2021-11-02,8.53219535183701,2021,11
2021-11-03,43.146248118393025,2021,11
2021-11-04,42.57118268008417,2021,11
2021-11-05,21.849766105643575,2021,11
2021-11-06,34.443666248182495,2021,11
2021-11-07,27.788483090683425,2021,11
2021-11-08,85.04540886847246,2021,11
2021-11-09,68.71356786294922,2021,11
2021-11-10,75.43110189988317,2021,11
2021-11-11,64.4334412808647,2021,11
2021-11-12,27.418964575655416,2021,11
2021-11-13,39.509594674404525,2021,11
2021-11-14,59.78749122455836,2021,11
2021-11-15,25.55744382216109,2021,11
2021-11-16,64.25996860344776,2021,11
2021-11-17,45.1934920368373,2021,11
2021-11-18,42.50358384900805,2021,11
2021-11-19,64.21919936406982,2021,11
2021-11-20,58.8852662297208,2021,11
2021-11-21,42.7806766836184,2021,11
2021-11-22,73.18659606728497,2021,11
2021-11-23,28.378733448002052,2021,11
2021-11-24,62.318712138885274,2021,11
2021-11-25,61.862025159367676,2021,11
2021-11-26,43.809071213720195,2021,11
2021-11-27,56.52266044484236,2021,11
2021-11-28,24.97772847229394,2021,11
2021-11-29,68.48054038413802,2021,11
2021-11-30,46.30195727114022,2021,11
2021-12-01,39.54553958961921,2021,12
2021-12-02,70.98018451673778,2021,12
2021-12-03,35.91312618914482,2021,12
2021-12-04,21.830774072728808,2021,12
2021-12-05,18.867416529521925,2021,12
2021-12-06,62.12019902691279,2021,12
2021-12-07,24.39141295007434,2021,12
2021-12-08,85.09588363968729,2021,12
2021-12-09,8.361411842325559,2021,12
2021-12-10,83.92912736580077,2021,12
2021-12-11,54.220349344052366,2021,12
2021-12-12,48.06573776259215,2021,12
2021-12-13,39.10161826382101,2021,12
2021-12-14,57.98272228704142,2021,12
2021-12-15,49.24730595150303,2021,12
2021-12-16,72.06603764033042,2021,12
2021-12-17,52.28455297324079,2021,12
2021-12-18,53.006035229237554,2021,12
2021-12-19,42.72775575572288,2021,12
2021-12-20,48.861087525578654,2021,12
2021-12-21,56.156035377841185,2021,12
2021-12-22,15.796632146867488,2021,12
2021-12-23,23.03629155788574,2021,12
2021-12-24,64.8652818804543,2021,12
2021-12-25,53.41730876255884,2021,12
2021-12-26,46.320333272946414,2021,12
2021-12-27,50.36867866130786,2021,12
2021-12-28,56.95163410723342,2021,12
2021-12-29,39.204806393812774,2021,12
2021-12-30,34.433905491953745,2021,12
2021-12-31,53.91690510195363,2021,12
2022-01-01,30.43254444769936,2022,1
2022-01-02,58.16505511428944,2022,1
2022-01-03,15.94832791524319,2022,1
2022-01-04,70.58311274651288,2022,1
2022-01-05,59.451949648260864,2022,1
2022-01-06,55.120594686277514,2022,1
2022-01-07,69.65381967891028,2022,1
2022-01-08,83.30948888925153,2022,1
2022-01-09,70.2874013003626,2022,1
2022-01-10,13.182515373367096,2022,1
2022-01-11,24.40846066528597,2022,1
2022-01-12,37.503628446086424,2022,1
2022-01-13,50.521821004216676,2022,1
2022-01-14,60.35318040938246,2022,1
2022-01-15,35.48512373693069,2022,1
2022-01-16,53.73533528954157,2022,1
2022-01-17,34.89234135293355,2022,1
2022-01-18,37.76964394016103,2022,1
2022-01-19,21.866778063035554,2022,1
2022-01-20,31.535335077781916,2022,1
2022-01-21,22.966307887673327,2022,1
2022-01-22,30.482534940453345,2022,1
2022-01-23,71.07283593215679,2022,1
2022-01-24,31.01202222336114,2022,1
2022-01-25,102.64764129674782,2022,1
2022-01-26,59.866358017617785,2022,1
2022-01-27,53.69672247389748,2022,1
2022-01-28,32.832844396375734,2022,1
2022-01-29,64.00619758817983,2022,1
2022-01-30,38.487243475244526,2022,1
2022-01-31,52.44019629290723,2022,1
2022-02-01,101.2016907653759,2022,2
2022-02-02,48.078802005507,2022,2
2022-02-03,72.98546652571352,2022,2
2022-02-04,35.93647149748225,2022,2
2022-02-05,49.300230190060766,2022,2
2022-02-06,85.4160127127102,2022,2
2022-02-07,37.46065884424465,2022,2
2022-02-08,86.24897115993858,2022,2
2022-02-09,64.1550387091095,2022,2
2022-02-10,38.750664482114644,2022,2
2022-02-11,62.64815478111042,2022,2
2022-02-12,69.4510889925346,2022,2
2022-02-13,62.436199244343925,2022,2
2022-02-14,18.595505602190872,2022,2
2022-02-15,35.45725648350263,2022,2
2022-02-16,45.0496272889699,2022,2
2022-02-17,48.511331417999074,2022,2
2022-02-18,62.41344195101356,2022,2
2022-02-19,53.55402001866508,2022,2
2022-02-20,23.293112825797976,2022,2
2022-02-21,57.60395702011927,2022,2
2022-02-22,62.21171490567646,2022,2
2022-02-23,61.195808958620795,2022,2
2022-02-24,71.61561451109243,2022,2
2022-02-25,66.67844309097808,2022,2
2022-02-26,59.183601584568734,2022,2
2022-02-27,48.59668577082706,2022,2
2022-02-28,16.780781329680174,2022,2
2022-03-01,58.592364382651716,2022,3
2022-03-02,54.15375374326222,2022,3
2022-03-03,55.43157674390747,2022,3
2022-03-04,24.465028483593812,2022,3
2022-03-05,28.378869191834752,2022,3
2022-03-06,71.06305706665808,2022,3
2022-03-07,49.2088969228669,2022,3
2022-03-08,63.63001394745249,2022,3
2022-03-09,50.56636752260923,2022,3
2022-03-10,50.5951227899149,2022,3
2022-03-11,68.76567611951995,2022,3
2022-03-12,39.679105435652524,2022,3
2022-03-13,51.92241553881967,2022,3
2022-03-14,40.75449422589915,2022,3
2022-03-15,41.31007545135369,2022,3
2022-03-16,43.816557530627215,2022,3
2022-03-17,54.44267543267426,2022,3
2022-03-18,40.42502756673045,2022,3
2022-03-19,75.11512251147042,2022,3
2022-03-20,32.107853955609926,2022,3
2022-03-21,46.26256711677282,2022,3
2022-03-22,41.2053788345165,2022,3
2022-03-23,78.93955768707465,2022,3
2022-03-24,53.931095530231495,2022,3
2022-03-25,70.6368907893727,2022,3
2022-03-26,20.288792539260562,2022,3
2022-03-27,55.341005317385175,2022,3
2022-03-28,67.79261591246873,2022,3
2022-03-29,51.645679785508484,2022,3
2022-03-30,71.30960750130703,2022,3
2022-03-31,39.654230997992556,2022,3
2022-04-01,78.1869488037116,2022,4
2022-04-02,95.977962472385,2022,4
2022-04-03,42.74322879120682,2022,4
2022-04-04,41.08994957198456,2022,4
2022-04-05,79.06768954235402,2022,4
2022-04-06,81.59144291461425,2022,4
2022-04-07,39.54279945693463,2022,4
2022-04-08,41.596263658082854,2022,4
2022-04-09,44.364307822789854,2022,4
2022-04-10,23.11098977931446,2022,4
2022-04-11,31.626961070316035,2022,4
2022-04-12,29.917184664958643,2022,4
2022-04-13,34.64404869791743,2022,4
2022-04-14,49.30630225226437,2022,4
2022-04-15,54.684294650730415,2022,4
2022-04-16,81.01000985628154,2022,4
2022-04-17,30.03291918522418,2022,4
2022-04-18,69.68644796953167,2022,4
2022-04-19,45.72022311548982,2022,4
2022-04-20,49.01072580695134,2022,4
2022-04-21,63.496389843332075,2022,4
2022-04-22,27.54555956875403,2022,4
2022-04-23,57.64819492368101,2022,4
2022-04-24,53.32904416426112,2022,4
2022-04-25,59.849025280162984,2022,4
2022-04-26,55.783372878156364,2022,4
2022-04-27,99.10600279821789,2022,4
2022-04-28,37.24520031497368,2022,4
2022-04-29,39.380060899963645,2022,4
2022-04-30,37.53718947150471,2022,4
2022-05-01,38.890457616794905,2022,5
2022-05-02,37.252257453869646,2022,5
2022-05-03,73.78033062215104,2022,5
2022-05-04,78.4100849597971,2022,5
2022-05-05,38.58507412501048,2022,5
2022-05-06,33.352888537915426,2022,5
2022-05-07,59.42831112772808,2022,5
2022-05-08,38.95553911438057,2022,5
2022-05-09,62.65863635511022,2022,5
2022-05-10,54.058460417026,2022,5
2022-05-11,19.68511770005536,2022,5
2022-05-12,80.95010402660122,2022,5
2022-05-13,85.91755346191044,2022,5
2022-05-14,37.744226190312276,2022,5
2022-05-15,42.24596880128032,2022,5
2022-05-16,55.7173078144981,2022,5
2022-05-17,56.6891357997405,2022,5
2022-05-18,63.170885453456606,2022,5
2022-05-19,90.20409077532699,2022,5
2022-05-20,46.46105545011901,2022,5
2022-05-21,34.03405510923093,2022,5
2022-05-22,22.413615439709456,2022,5
2022-05-23,35.38139920116162,2022,5
2022-05-24,49.337460542524056,2022,5
2022-05-25,85.89115727035576,2022,5
2022-05-26,39.64777401927657,2022,5
2022-05-27,54.47575903277797,2022,5
2022-05-28,49.67154207854496,2022,5
2022-05-29,73.76786546896167,2022,5
2022-05-30,100.53864851747244,2022,5
2022-05-31,39.382624541593586,2022,5
2022-06-01,40.21121114963556,2022,6
2022-06-02,70.88321754138144,2022,6
2022-06-03,63.637829792526226,2022,6
2022-06-04,86.93414651472068,2022,6
2022-06-05,61.67856370651928,2022,6
2022-06-06,42.81415818425881,2022,6
2022-06-07,61.813096613846184,2022,6
2022-06-08,72.17407161165815,2022,6
2022-06-09,66.40964362394729,2022,6
2022-06-10,60.14548062214595,2022,6
2022-06-11,71.33349379178307,2022,6
2022-06-12,73.38591180891345,2022,6
2022-06-13,77.64317982075055,2022,6
2022-06-14,62.97419775179286,2022,6
2022-06-15,46.657638393662914,2022,6
2022-06-16,52.934273728666454,2022,6
2022-06-17,74.13017933016714,2022,6
2022-06-18,33.66128658025528,2022,6
2022-06-19,57.37346617745803,2022,6
2022-06-20,42.13322375345279,2022,6
2022-06-21,50.57489645869635,2022,6
2022-06-22,75.56903725214598,2022,6
2022-06-23,53.82198136039807,2022,6
2022-06-24,50.92873096312297,2022,6
2022-06-25,22.802877180401616,2022,6
2022-06-26,64.92507132054442,2022,6
2022-06-27,62.909683622821504,2022,6
2022-06-28,93.2650944661092,2022,6
2022-06-29,43.844435300939985,2022,6
2022-06-30,54.383006553278776,2022,6
2022-07-01,54.9876736742151,2022,7
2022-07-02,81.5490655952695,2022,7
2022-07-03,48.09408935226096,2022,7
2022-07-04,55.58043051540678,2022,7
2022-07-05,62.15793019433079,2022,7
2022-07-06,53.73218246312716,2022,7
2022-07-07,41.071327708989436,2022,7
2022-07-08,53.88179985796615,2022,7
2022-07-09,71.47263499719544,2022,7
2022-07-10,29.469694011778795,2022,7
2022-07-11,52.65939348293752,2022,7
2022-07-12,35.997583701216534,2022,7
2022-07-13,73.90093257849685,2022,7
2022-07-14,19.536261904324505,2022,7
2022-07-15,38.82156305456823,2022,7
2022-07-16,57.54423750129042,2022,7
2022-07-17,81.31048058468681,2022,7
2022-07-18,48.68499477854024,2022,7
2022-07-19,38.896009466136036,2022,7
2022-07-20,87.6231413888118,2022,7
2022-07-21,21.03972199167512,2022,7
2022-07-22,6.023880867598365,2022,7
2022-07-23,58.800289001066645,2022,7
2022-07-24,39.958915512947776,2022,7
2022-07-25,29.575343657385737,2022,7
2022-07-26,64.16712894598706,2022,7
2022-07-27,54.87601427542398,2022,7
2022-07-28,38.71842738526543,2022,7
2022-07-29,24.39391202658211,2022,7
2022-07-30,67.44914656560289,2022,7
2022-07-31,63.00402355917322,2022,7
2022-08-01,48.01648272441234,2022,8
2022-08-02,86.93273992095331,2022,8
2022-08-03,28.59830467347695,2022,8
2022-08-04,19.48949658150522,2022,8
2022-08-05,36.16183860237511,2022,8
2022-08-06,49.088279672890046,2022,8
2022-08-07,54.866788986453834,2022,8
2022-08-08,45.175278842873404,2022,8
2022-08-09,57.04110793028593,2022,8
2022-08-10,24.96921151619112,2022,8
2022-08-11,78.87529208146519,2022,8
2022-08-12,48.35697643214863,2022,8
2022-08-13,72.34591663176255,2022,8
2022-08-14,56.854506927554084,2022,8
2022-08-15,59.13506438307568,2022,8
2022-08-16,61.39534560464408,2022,8
2022-08-17,58.954171200346295,2022,8
2022-08-18,62.85445519735088,2022,8
2022-08-19,76.58305060264863,2022,8
2022-08-20,53.930423394029404,2022,8
2022-08-21,64.18007515177024,2022,8
2022-08-22,48.205286114255465,2022,8
2022-08-23,78.80234430898946,2022,8
2022-08-24,36.4721539588146,2022,8
2022-08-25,86.01880865821632,2022,8
2022-08-26,49.196840987113134,2022,8
2022-08-27,21.384497957639038,2022,8
2022-08-28,52.562088298215784,2022,8
2022-08-29,36.37896685050238,2022,8
2022-08-30,66.81287097977449,2022,8
2022-08-31,36.947520413952184,2022,8
2022-09-01,41.07633133570441,2022,9
2022-09-02,12.209185381089384,2022,9
2022-09-03,40.953873615018466,2022,9
2022-09-04,5.0,2022,9
2022-09-05,18.321943530285534,2022,9
2022-09-06,65.20829312288595,2022,9
2022-09-07,65.71600317301665,2022,9
2022-09-08,58.50915123569929,2022,9
2022-09-09,30.66047713741574,2022,9
2022-09-10,49.0457728771604,2022,9
2022-09-11,49.92794921818863,2022,9
2022-09-12,26.832706216149145,2022,9
2022-09-13,80.067966035343,2022,9
2022-09-14,67.54724581151342,2022,9
2022-09-15,45.58071652340672,2022,9
2022-09-16,50.537716779890616,2022,9
2022-09-17,54.16765615895105,2022,9
2022-09-18,9.165302631514187,2022,9
2022-09-19,45.056452349588064,2022,9
2022-09-20,36.36031504004403,2022,9
2022-09-21,29.967599802101688,2022,9
2022-09-22,44.377994142280905,2022,9
2022-09-23,85.95373053699045,2022,9
2022-09-24,62.8168572253402,2022,9
2022-09-25,38.57642020434406,2022,9
2022-09-26,61.45165562712317,2022,9
2022-09-27,77.98710873172004,2022,9
2022-09-28,68.49267365825537,2022,9
2022-09-29,51.19260739840348,2022,9
2022-09-30,37.061264445888526,2022,9
2022-10-01,63.9644662722718,2022,10
2022-10-02,57.869707708434994,2022,10
2022-10-03,67.90386440055465,2022,10
2022-10-04,62.70343603363939,2022,10
2022-10-05,70.9910543063867,2022,10
2022-10-06,39.29529576878864,2022,10
2022-10-07,76.34788131268651,2022,10
2022-10-08,53.95199209384799,2022,10
2022-10-09,91.5052174525053,2022,10
2022-10-10,36.21624363820864,2022,10
2022-10-11,84.71927606330499,2022,10
2022-10-12,53.95821566925296,2022,10
2022-10-13,36.97163992771103,2022,10
2022-10-14,40.32228331891357,2022,10
2022-10-15,43.5930538361136,2022,10
2022-10-16,58.48331892803833,2022,10
2022-10-17,60.45670976070999,2022,10
2022-10-18,38.52599992122842,2022,10
2022-10-19,49.51290815478034,2022,10
2022-10-20,92.84540717223727,2022,10
2022-10-21,84.55086340201423,2022,10
2022-10-22,58.726473393480646,2022,10
2022-10-23,50.760069563364006,2022,10
2022-10-24,52.40062653436522,2022,10
2022-10-25,62.27035945460833,2022,10
2022-10-26,29.54414869603189,2022,10
2022-10-27,44.852469251533094,2022,10
2022-10-28,16.62831852244821,2022,10
2022-10-29,57.98446245210559,2022,10
2022-10-30,62.943918794054824,2022,10
2022-10-31,40.33627075401252,2022,10
2022-11-01,81.47973526580066,2022,11
2022-11-02,25.484686739953176,2022,11
2022-11-03,20.712502395803597,2022,11
2022-11-04,54.48903637119944,2022,11
2022-11-05,70.94196605224309,2022,11
2022-11-06,83.67855382915738,2022,11
2022-11-07,40.8223147426212,2022,11
2022-11-08,71.57361666862592,2022,11
2022-11-09,49.229830609985854,2022,11
2022-11-10,46.54745400118361,2022,11
2022-11-11,67.67319874973344,2022,11
2022-11-12,63.046457568268394,2022,11
2022-11-13,18.47215686031501,2022,11
2022-11-14,79.53080699451792,2022,11
2022-11-15,77.60182708294903,2022,11
2022-11-16,37.488745969809415,2022,11
2022-11-17,57.91607066874818,2022,11
2022-11-18,59.88060372565478,2022,11
2022-11-19,55.21347531647814,2022,11
2022-11-20,38.9938969230916,2022,11
2022-11-21,36.56753264123897,2022,11
2022-11-22,49.488918580171095,2022,11
2022-11-23,73.45458038518728,2022,11
2022-11-24,60.872003091888644,2022,11
2022-11-25,42.58771335827788,2022,11
2022-11-26,65.43397421296689,2022,11
2022-11-27,5.0,2022,11
2022-11-28,72.97531400744207,2022,11
2022-11-29,15.20572442443801,2022,11
2022-11-30,42.751181171937354,2022,11
2022-12-01,27.606602107477123,2022,12
2022-12-02,24.106370485581884,2022,12
2022-12-03,73.21653574757039,2022,12
2022-12-04,40.64597597376218,2022,12
2022-12-05,56.930077634614314,2022,12
2022-12-06,49.06158842241632,2022,12
2022-12-07,59.54081654446243,2022,12
2022-12-08,51.536437821205105,2022,12
2022-12-09,24.340155516228606,2022,12
2022-12-10,69.9253363889428,2022,12
2022-12-11,40.12486833677375,2022,12
2022-12-12,18.86836202680498,2022,12
2022-12-13,41.43769678068175,2022,12
2022-12-14,80.01519581268622,2022,12
2022-12-15,67.00443484226986,2022,12
2022-12-16,43.026957311842814,2022,12
2022-12-17,43.014845913631426,2022,12
2022-12-18,43.56729897565235,2022,12
2022-12-19,91.53495967121682,2022,12
2022-12-20,57.63870904463107,2022,12
2022-12-21,58.600832943821395,2022,12
2022-12-22,70.60566908063684,2022,12
2022-12-23,54.77578318053027,2022,12
2022-12-24,44.819157083585935,2022,12
2022-12-25,46.07300301830043,2022,12
2022-12-26,48.56797481171872,2022,12
2022-12-27,49.25555526980317,2022,12
2022-12-28,64.5525908727396,2022,12
2022-12-29,51.03891771614599,2022,12
2022-12-30,64.65280154431159,2022,12
2022-12-31,48.385668397828354,2022,12
2023-01-01,51.57270380632181,2023,1
2023-01-02,10.035986309357845,2023,1
2023-01-03,68.32655349404963,2023,1
2023-01-04,56.929769517959855,2023,1
2023-01-05,69.96020219719304,2023,1
2023-01-06,5.0,2023,1
2023-01-07,91.76749409561455,2023,1
2023-01-08,47.20820743689652,2023,1
2023-01-09,72.16365633475033,2023,1
2023-01-10,29.20188145748938,2023,1
2023-01-11,62.25547810125139,2023,1
2023-01-12,28.931688736526876,2023,1
2023-01-13,37.5246207860839,2023,1
2023-01-14,88.28062707733572,2023,1
2023-01-15,46.186351984733065,2023,1
2023-01-16,54.348657463594456,2023,1
2023-01-17,67.40135461377508,2023,1
2023-01-18,59.913637759452094,2023,1
2023-01-19,53.00837810287153,2023,1
2023-01-20,57.29922004932451,2023,1
2023-01-21,98.0683117047655,2023,1
2023-01-22,48.84762405932829,2023,1
2023-01-23,54.02198093429935,2023,1
2023-01-24,71.01308792015224,2023,1
2023-01-25,72.11051865915968,2023,1
2023-01-26,73.7406061112076,2023,1
2023-01-27,62.774604440583694,2023,1
2023-01-28,27.13990174539033,2023,1
2023-01-29,82.66863064602191,2023,1
2023-01-30,27.07309213962624,2023,1
2023-01-31,56.05270930478066,2023,1
2023-02-01,34.914482999612844,2023,2
2023-02-02,48.717233068140146,2023,2
2023-02-03,56.57524820606961,2023,2
2023-02-04,56.42714430900546,2023,2
2023-02-05,58.438415084705696,2023,2
2023-02-06,82.27422538117294,2023,2
2023-02-07,59.070686030279596,2023,2
2023-02-08,45.116867294187024,2023,2
2023-02-09,69.28174336576714,2023,2
2023-02-10,73.78940977849281,2023,2
2023-02-11,25.44784369726015,2023,2
2023-02-12,61.94800139699716,2023,2
2023-02-13,64.02345484621796,2023,2
2023-02-14,44.048729932800164,2023,2
2023-02-15,77.51413626623238,2023,2
2023-02-16,46.998888259349464,2023,2
2023-02-17,52.51152906943084,2023,2
2023-02-18,46.53856351432261,2023,2
2023-02-19,50.31158095162935,2023,2
2023-02-20,28.074498262095965,2023,2
2023-02-21,21.198982348114114,2023,2
2023-02-22,81.89010126449944,2023,2
2023-02-23,33.060773033633446,2023,2
2023-02-24,30.172153010873856,2023,2
2023-02-25,6.932197727925704,2023,2
2023-02-26,37.220765046209955,2023,2
2023-02-27,23.538204131850033,2023,2
2023-02-28,82.84030320272738,2023,2
2023-03-01,70.19634178685268,2023,3
2023-03-02,36.236993096445524,2023,3
2023-03-03,95.04871610688618,2023,3
2023-03-04,69.63530973983188,2023,3
2023-03-05,43.50337232982755,2023,3
2023-03-06,5.0,2023,3
2023-03-07,95.81885145181484,2023,3
2023-03-08,22.20855066472808,2023,3
2023-03-09,17.092025060862163,2023,3
2023-03-10,70.45140864019281,2023,3
2023-03-11,98.79504812678546,2023,3
2023-03-12,77.68545637021036,2023,3
2023-03-13,61.27818240104719,2023,3
2023-03-14,61.89508683330572,2023,3
2023-03-15,67.06831117560615,2023,3
2023-03-16,65.17857179573531,2023,3
2023-03-17,55.62382847938751,2023,3
2023-03-18,52.084022079037524,2023,3
2023-03-19,48.74813744200955,2023,3
2023-03-20,34.92070822266648,2023,3
2023-03-21,44.38649846266452,2023,3
2023-03-22,16.14086371609229,2023,3
2023-03-23,48.033207464105004,2023,3
2023-03-24,30.228177856981652,2023,3
2023-03-25,27.92821365568458,2023,3
2023-03-26,53.59788302306957,2023,3
2023-03-27,77.84004572689199,2023,3
2023-03-28,68.36633212004625,2023,3
2023-03-29,18.58998792753646,2023,3
2023-03-30,30.20743726859325,2023,3
2023-03-31,68.81542375976431,2023,3
2023-04-01,30.35025212923381,2023,4
2023-04-02,45.50733700005951,2023,4
2023-04-03,61.00104198049104,2023,4
2023-04-04,30.633110902727296,2023,4
2023-04-05,52.107510122919194,2023,4
2023-04-06,23.31949010163591,2023,4
2023-04-07,37.97264712097572,2023,4
2023-04-08,56.39563868285074,2023,4
2023-04-09,18.140125329366615,2023,4
2023-04-10,58.80949475920798,2023,4
2023-04-11,49.60724402146638,2023,4
2023-04-12,61.04979908834295,2023,4
2023-04-13,54.47828268129323,2023,4
2023-04-14,77.28280859947688,2023,4
2023-04-15,52.50449005295815,2023,4
2023-04-16,41.41188917749494,2023,4
2023-04-17,52.44595006064568,2023,4
2023-04-18,60.86596058072776,2023,4
2023-04-19,50.977201406514084,2023,4
2023-04-20,50.811833824077645,2023,4
2023-04-21,35.96016624386489,2023,4
2023-04-22,36.74198164898104,2023,4
2023-04-23,21.94789456400613,2023,4
2023-04-24,84.99153486373879,2023,4
2023-04-25,25.122735292174298,2023,4
2023-04-26,36.141896044081854,2023,4
2023-04-27,35.63185468861605,2023,4
2023-04-28,67.89848753888883,2023,4
2023-04-29,44.101006434159444,2023,4
2023-04-30,74.95484145347467,2023,4
2023-05-01,36.530187515122634,2023,5
2023-05-02,55.57988324447604,2023,5
2023-05-03,33.293058934804854,2023,5
2023-05-04,92.90298255546776,2023,5
2023-05-05,26.248031619409744,2023,5
2023-05-06,56.19641420454055,2023,5
2023-05-07,62.67553761864197,2023,5
2023-05-08,58.27598194902997,2023,5
2023-05-09,46.294246822445835,2023,5
2023-05-10,47.403586005331476,2023,5
2023-05-11,50.87622943958219,2023,5
2023-05-12,47.05995996743023,2023,5
2023-05-13,69.27758233589819,2023,5
2023-05-14,94.21046003182703,2023,5
2023-05-15,38.85016429984333,2023,5
2023-05-16,22.603940408418445,2023,5
2023-05-17,48.2343590329749,2023,5
2023-05-18,101.59418675308638,2023,5
2023-05-19,33.926508640605384,2023,5
2023-05-20,82.78233610888135,2023,5
2023-05-21,83.55401628152882,2023,5
2023-05-22,38.92823516584011,2023,5
2023-05-23,61.379661583705506,2023,5
2023-05-24,82.56793246257075,2023,5
2023-05-25,42.417445180250255,2023,5
2023-05-26,45.92839279795277,2023,5
2023-05-27,38.366381721027125,2023,5
2023-05-28,29.704865386142664,2023,5
2023-05-29,37.01444909867986,2023,5
2023-05-30,25.52119466475487,2023,5
2023-05-31,50.68166936518452,2023,5
2023-06-01,34.60053537882716,2023,6
2023-06-02,54.675718235814955,2023,6
2023-06-03,18.882087075927455,2023,6
2023-06-04,56.617604644289145,2023,6
2023-06-05,66.6705792321785,2023,6
2023-06-06,10.12528714857089,2023,6
2023-06-07,57.48113139695144,2023,6
2023-06-08,74.55337984946584,2023,6
2023-06-09,25.80717962617589,2023,6
2023-06-10,83.45144773675406,2023,6
2023-06-11,58.3803801873209,2023,6
2023-06-12,35.89976288483182,2023,6
2023-06-13,48.88461844684588,2023,6
2023-06-14,61.16653825043445,2023,6
2023-06-15,51.52010782824823,2023,6
2023-06-16,60.77511984892738,2023,6
2023-06-17,31.586528138412675,2023,6
2023-06-18,53.38721648072156,2023,6
2023-06-19,21.725710061900397,2023,6
2023-06-20,47.775478773025995,2023,6
2023-06-21,31.921847170704204,2023,6
2023-06-22,35.28940114820467,2023,6
2023-06-23,74.72186350420876,2023,6
2023-06-24,71.82620241188538,2023,6
2023-06-25,62.18276241814354,2023,6
2023-06-26,28.15374470654842,2023,6
2023-06-27,43.671831006103965,2023,6
2023-06-28,74.26195399958367,2023,6
2023-06-29,52.83433827279809,2023,6
2023-06-30,96.3865907996339,2023,6
2023-07-01,57.86635678788744,2023,7
2023-07-02,53.84098232980063,2023,7
2023-07-03,43.81767071594997,2023,7
2023-07-04,52.67081809564564,2023,7
2023-07-05,46.950603272389124,2023,7
2023-07-06,64.1621735337718,2023,7
2023-07-07,69.13404633589168,2023,7
2023-07-08,34.28021078984101,2023,7
2023-07-09,23.375340928844437,2023,7
2023-07-10,13.27589253793407,2023,7
2023-07-11,60.159826538250876,2023,7
2023-07-12,27.93266787652253,2023,7
2023-07-13,6.942188140950343,2023,7
2023-07-14,57.77157209061928,2023,7
2023-07-15,99.85999034865581,2023,7
2023-07-16,49.878581769202135,2023,7
2023-07-17,66.76981548903284,2023,7
2023-07-18,51.6365871709513,2023,7
2023-07-19,48.02220693617715,2023,7
2023-07-20,68.38152965975537,2023,7
2023-07-21,44.194509116226975,2023,7
2023-07-22,55.34784628143806,2023,7
2023-07-23,56.433956123920275,2023,7
2023-07-24,36.63819092713902,2023,7
2023-07-25,69.84084699073045,2023,7
2023-07-26,46.500804866091826,2023,7
2023-07-27,34.885096810143104,2023,7
2023-07-28,60.73019687140807,2023,7
2023-07-29,32.030640364179256,2023,7
2023-07-30,50.563623147382565,2023,7
2023-07-31,49.81762006711593,2023,7
2023-08-01,71.71791131663156,2023,8
2023-08-02,59.49396465759906,2023,8
2023-08-03,49.499460825097124,2023,8
2023-08-04,66.35532598400574,2023,8
2023-08-05,77.80415098034626,2023,8
2023-08-06,61.156206127037244,2023,8
2023-08-07,50.20705239686761,2023,8
2023-08-08,23.763275352996807,2023,8
2023-08-09,28.69772673849255,2023,8
2023-08-10,43.89550591290665,2023,8
2023-08-11,37.809755956814335,2023,8
2023-08-12,46.26057394029108,2023,8
2023-08-13,51.13299849794214,2023,8
2023-08-14,60.593855087134614,2023,8
2023-08-15,48.590024438818176,2023,8
2023-08-16,59.730032876524035,2023,8
2023-08-17,51.28948829620241,2023,8
2023-08-18,10.490668672922574,2023,8
2023-08-19,31.213292123624914,2023,8
2023-08-20,47.11824888556769,2023,8
2023-08-21,25.80610514317785,2023,8
2023-08-22,61.99857459992409,2023,8
2023-08-23,80.61501664687395,2023,8
2023-08-24,74.37523703394633,2023,8
2023-08-25,45.731142581395844,2023,8
2023-08-26,79.81452273699904,2023,8
2023-08-27,52.97334914404223,2023,8
2023-08-28,43.25828057763921,2023,8
2023-08-29,37.7319467291812,2023,8
2023-08-30,43.95060627023743,2023,8
2023-08-31,42.236463629175425,2023,8
2023-09-01,53.408324447509756,2023,9
2023-09-02,53.211479620997295,2023,9
2023-09-03,50.06092040306829,2023,9
2023-09-04,58.738763394927,2023,9
2023-09-05,73.81292549572683,2023,9
2023-09-06,68.99108270882647,2023,9
2023-09-07,20.30204063100193,2023,9
2023-09-08,5.0,2023,9
2023-09-09,68.68639822478548,2023,9
2023-09-10,22.662426031691577,2023,9
2023-09-11,45.50469196214633,2023,9
2023-09-12,26.59773947881281,2023,9
2023-09-13,13.960391248399603,2023,9
2023-09-14,60.82925456409576,2023,9
2023-09-15,65.18310320605293,2023,9
2023-09-16,38.46979198546561,2023,9
2023-09-17,5.0,2023,9
2023-09-18,39.075111034950346,2023,9
2023-09-19,57.83608010805093,2023,9
2023-09-20,20.421768624517426,2023,9
2023-09-21,53.667198395583114,2023,9
2023-09-22,49.69380301654009,2023,9
2023-09-23,61.58582999202177,2023,9
2023-09-24,52.39160736828306,2023,9
2023-09-25,30.53862118236889,2023,9
2023-09-26,73.93143003328983,2023,9
2023-09-27,46.8294085394606,2023,9
2023-09-28,49.45390920980136,2023,9
2023-09-29,31.33464081853608,2023,9
2023-09-30,41.134354976169796,2023,9
2023-10-01,32.30394571946198,2023,10
2023-10-02,46.54107880153154,2023,10
2023-10-03,84.23416960284686,2023,10
2023-10-04,22.56197714137287,2023,10
2023-10-05,17.72877204246518,2023,10
2023-10-06,79.42340654987217,2023,10
2023-10-07,45.81352645696268,2023,10
2023-10-08,36.61854522680167,2023,10
2023-10-09,70.79809374792153,2023,10
2023-10-10,37.88768920526272,2023,10
2023-10-11,86.52019427093873,2023,10
2023-10-12,63.558517426785386,2023,10
2023-10-13,40.24177183708595,2023,10
2023-10-14,93.14616426531006,2023,10
2023-10-15,37.88570153993323,2023,10
2023-10-16,64.84190744018613,2023,10
2023-10-17,55.985851608129835,2023,10
2023-10-18,76.03482578797596,2023,10
2023-10-19,81.23022393453705,2023,10
2023-10-20,50.64008298131533,2023,10
2023-10-21,34.93164259307633,2023,10
2023-10-22,59.19944285878233,2023,10
2023-10-23,36.44569260495788,2023,10
2023-10-24,90.26774495053246,2023,10
2023-10-25,52.73070662165475,2023,10
2023-10-26,42.69356897375783,2023,10
2023-10-27,53.69360611729817,2023,10
2023-10-28,23.05747420940607,2023,10
2023-10-29,30.56771922978697,2023,10
2023-10-30,74.00827815888852,2023,10
2023-10-31,36.862114420572084,2023,10
2023-11-01,29.061780346361207,2023,11
2023-11-02,60.73305505054572,2023,11
2023-11-03,73.71408309325994,2023,11
2023-11-04,64.37906621330134,2023,11
2023-11-05,69.92095371611633,2023,11
2023-11-06,34.864098228610786,2023,11
2023-11-07,21.563786665163125,2023,11
2023-11-08,80.02667303910974,2023,11
2023-11-09,43.546403223157284,2023,11
2023-11-10,44.983339670899056,2023,11
2023-11-11,76.56388283698115,2023,11
2023-11-12,61.1246001880132,2023,11
2023-11-13,59.117755441632156,2023,11
2023-11-14,93.30004689802168,2023,11
2023-11-15,37.12963539239714,2023,11
2023-11-16,68.55680256162475,2023,11
2023-11-17,51.14026249794169,2023,11
2023-11-18,55.37184557726514,2023,11
2023-11-19,80.56936852825064,2023,11
2023-11-20,60.15671512579247,2023,11
2023-11-21,60.76592158099266,2023,11
2023-11-22,71.45014674619604,2023,11
2023-11-23,42.70094540914229,2023,11
2023-11-24,33.21580665321987,2023,11
2023-11-25,29.103816119579328,2023,11
2023-11-26,10.672868212479962,2023,11
2023-11-27,91.12414259880644,2023,11
2023-11-28,27.93583268556634,2023,11
2023-11-29,45.57492752828456,2023,11
2023-11-30,44.463734002221585,2023,11
2023-12-01,56.148133956182015,2023,12
2023-12-02,66.31474425078594,2023,12
2023-12-03,67.2094697671949,2023,12
2023-12-04,38.33845122862123,2023,12
2023-12-05,46.65756572427177,2023,12
2023-12-06,55.651599009765995,2023,12
2023-12-07,45.02617747632906,2023,12
2023-12-08,82.14691152039985,2023,12
2023-12-09,59.81949903276502,2023,12
2023-12-10,64.69755572099635,2023,12
2023-12-11,63.257625373348255,2023,12
2023-12-12,73.4694771497065,2023,12
2023-12-13,53.62043117407414,2023,12
2023-12-14,24.06336104088307,2023,12
2023-12-15,57.99375903505283,2023,12
2023-12-16,36.97286212416342,2023,12
2023-12-17,39.42766636500487,2023,12
2023-12-18,61.72728037510186,2023,12
2023-12-19,74.76566142867271,2023,12
2023-12-20,50.425431534721234,2023,12
2023-12-21,56.17666025197928,2023,12
2023-12-22,84.04429889270476,2023,12
2023-12-23,54.81506358977136,2023,12
2023-12-24,102.0336622836079,2023,12
2023-12-25,61.31019291263088,2023,12
2023-12-26,14.784744816883645,2023,12
2023-12-27,65.06683242209066,2023,12
2023-12-28,57.62316769765555,2023,12
2023-12-29,75.79505508165491,2023,12
2023-12-30,63.46362702539917,2023,12
2023-12-31,47.23088032032452,2023,12
2024-01-01,25.514035274212684,2024,1
2024-01-02,45.819534854279496,2024,1
2024-01-03,32.989590915814,2024,1
2024-01-04,38.389531003905546,2024,1
2024-01-05,61.771568088412195,2024,1
2024-01-06,83.39809008702812,2024,1
2024-01-07,57.89343059645962,2024,1
2024-01-08,26.082338759296313,2024,1
2024-01-09,58.89205336440281,2024,1
2024-01-10,73.93262973291303,2024,1
2024-01-11,37.804341913612355,2024,1
2024-01-12,47.31965666654165,2024,1
2024-01-13,50.29376389458394,2024,1
2024-01-14,34.3020337383552,2024,1
2024-01-15,62.96560867687718,2024,1
2024-01-16,47.58103702784437,2024,1
2024-01-17,58.39064887814055,2024,1
2024-01-18,32.250156443958,2024,1
2024-01-19,41.25083399353179,2024,1
2024-01-20,64.44762715655543,2024,1
2024-01-21,42.54333695816466,2024,1
2024-01-22,84.53927702466811,2024,1
2024-01-23,42.00727628770795,2024,1
2024-01-24,54.49369451503772,2024,1
2024-01-25,68.65181663746179,2024,1
2024-01-26,21.632685341339368,2024,1
2024-01-27,14.783823760384479,2024,1
2024-01-28,19.486873708598104,2024,1
2024-01-29,75.25168206854364,2024,1
2024-01-30,38.96283708215107,2024,1
2024-01-31,101.16398571336504,2024,1
2024-02-01,38.71504802685223,2024,2
2024-02-02,53.69102606394074,2024,2
2024-02-03,80.84219905135751,2024,2
2024-02-04,90.12185776318246,2024,2
2024-02-05,91.23007153272795,2024,2
2024-02-06,74.16732461186285,2024,2
2024-02-07,70.48125051622925,2024,2
2024-02-08,61.85053898402366,2024,2
2024-02-09,65.56722152333276,2024,2
2024-02-10,38.97628567342933,2024,2
2024-02-11,33.63602233155386,2024,2
2024-02-12,49.93251085178096,2024,2
2024-02-13,46.59630754950143,2024,2
2024-02-14,40.9354390134545,2024,2
2024-02-15,63.927748949134305,2024,2
2024-02-16,69.10610417141021,2024,2
2024-02-17,51.768137725836944,2024,2
2024-02-18,79.55060162110524,2024,2
2024-02-19,27.1662177173299,2024,2
2024-02-20,46.12681081440564,2024,2
2024-02-21,35.6635535879439,2024,2
2024-02-22,12.6692676585388,2024,2
2024-02-23,48.34638628314602,2024,2
2024-02-24,47.56504983233433,2024,2
2024-02-25,80.26899486484263,2024,2
2024-02-26,62.61623369109555,2024,2
2024-02-27,29.5162635134159,2024,2
2024-02-28,87.08185132668376,2024,2
2024-02-29,74.42067391050706,2024,2
2024-03-01,61.64195406937232,2024,3
2024-03-02,45.47031802300336,2024,3
2024-03-03,30.811215265530404,2024,3
2024-03-04,42.55586447857894,2024,3
2024-03-05,71.77497239408372,2024,3
2024-03-06,87.69172611869217,2024,3
2024-03-07,80.86487056544378,2024,3
2024-03-08,40.223011564274515,2024,3
2024-03-09,27.607651334219774,2024,3
2024-03-10,52.81772493822408,2024,3
2024-03-11,14.63121268874297,2024,3
2024-03-12,56.46335428369563,2024,3
2024-03-13,47.04794827402662,2024,3
2024-03-14,40.67926996263515,2024,3
2024-03-15,18.10593865466409,2024,3
2024-03-16,60.27200213139433,2024,3
2024-03-17,39.34598320676177,2024,3
2024-03-18,26.60166328579424,2024,3
2024-03-19,5.0,2024,3
2024-03-20,49.44970189898727,2024,3
2024-03-21,85.44503193339489,2024,3
2024-03-22,83.2251842909574,2024,3
2024-03-23,40.858074868274564,2024,3
2024-03-24,37.955758792764385,2024,3
2024-03-25,59.375485121500475,2024,3
2024-03-26,30.03229121623417,2024,3
2024-03-27,56.03583799638932,2024,3
2024-03-28,65.32160556769381,2024,3
2024-03-29,74.53866447768615,2024,3
2024-03-30,47.99691847040094,2024,3
2024-03-31,45.926524996460685,2024,3
2024-04-01,32.440348264868774,2024,4
2024-04-02,33.4623929192028,2024,4
2024-04-03,45.470422161969466,2024,4
2024-04-04,57.347310136323564,2024,4
2024-04-05,68.27169252466499,2024,4
2024-04-06,33.9364209863931,2024,4
2024-04-07,79.85377137919043,2024,4
2024-04-08,44.57752797914863,2024,4
2024-04-09,49.57265411303128,2024,4
2024-04-10,35.05576641704353,2024,4
2024-04-11,5.0,2024,4
2024-04-12,67.680907927221,2024,4
2024-04-13,64.73687794184866,2024,4
2024-04-14,44.37344885763573,2024,4
2024-04-15,51.33981434449744,2024,4
2024-04-16,60.31878435408199,2024,4
2024-04-17,18.749082862269148,2024,4
2024-04-18,39.418946453074106,2024,4
2024-04-19,65.88529359243654,2024,4
2024-04-20,24.914211536615014,2024,4
2024-04-21,55.871158643332585,2024,4
2024-04-22,22.8683639075319,2024,4
2024-04-23,59.328599648670526,2024,4
2024-04-24,49.28717035405033,2024,4
2024-04-25,17.69736368188981,2024,4
2024-04-26,73.29478708914343,2024,4
2024-04-27,35.308168464039014,2024,4
2024-04-28,33.79495125971238,2024,4
2024-04-29,54.011383944618856,2024,4
2024-04-30,72.9727469885743,2024,4
2024-05-01,29.68356362043206,2024,5
2024-05-02,51.233596996959434,2024,5
2024-05-03,58.57633000661146,2024,5
2024-05-04,63.862112145262884,2024,5
2024-05-05,53.528831105544505,2024,5
2024-05-06,42.65944321833355,2024,5
2024-05-07,33.44819558702561,2024,5
2024-05-08,51.722877660927495,2024,5
2024-05-09,28.55721976028786,2024,5
2024-05-10,5.0,2024,5
2024-05-11,58.73119608315336,2024,5
2024-05-12,68.07869682172391,2024,5
2024-05-13,5.0,2024,5
2024-05-14,29.80538590580125,2024,5
2024-05-15,62.38308522010396,2024,5
2024-05-16,91.14990939423397,2024,5
2024-05-17,50.415874153508156,2024,5
2024-05-18,35.43994117541731,2024,5
2024-05-19,46.34207117790319,2024,5
2024-05-20,77.4975283829637,2024,5
2024-05-21,37.080716417509294,2024,5
2024-05-22,34.016159866994926,2024,5
2024-05-23,40.34512955635935,2024,5
2024-05-24,30.933427834825753,2024,5
2024-05-25,52.45340631989591,2024,5
2024-05-26,82.49356916939121,2024,5
2024-05-27,56.461585462320585,2024,5
2024-05-28,44.95292995747425,2024,5
2024-05-29,44.163774621689114,2024,5
2024-05-30,18.73618382606686,2024,5
2024-05-31,67.66219554294318,2024,5
2024-06-01,48.44325605974396,2024,6
2024-06-02,46.390401728187484,2024,6
2024-06-03,113.86215135689721,2024,6
2024-06-04,55.975058167313726,2024,6
2024-06-05,34.964178998096315,2024,6
2024-06-06,41.47284807588913,2024,6
2024-06-07,72.9689141839351,2024,6
2024-06-08,52.26540821075529,2024,6
2024-06-09,21.234440433652665,2024,6
2024-06-10,68.38457869150407,2024,6
2024-06-11,36.63711828922012,2024,6
2024-06-12,87.4659555243509,2024,6
2024-06-13,71.60096131429297,2024,6
2024-06-14,41.053562086824975,2024,6
2024-06-15,75.62032723470226,2024,6
2024-06-16,51.357110210548065,2024,6
2024-06-17,67.05547350244439,2024,6
2024-06-18,59.6946563458895,2024,6
2024-06-19,33.07286690018253,2024,6
2024-06-20,37.12900335365076,2024,6
2024-06-21,70.59921635162323,2024,6
2024-06-22,43.304493357869184,2024,6
2024-06-23,41.927030735160066,2024,6
2024-06-24,30.89754841301294,2024,6
2024-06-25,58.47198131186922,2024,6
2024-06-26,91.25049838486291,2024,6
2024-06-27,28.64934171491454,2024,6
2024-06-28,50.48438913345516,2024,6
2024-06-29,78.24441110830858,2024,6
2024-06-30,48.4071721750857,2024,6
2024-07-01,59.04743592499468,2024,7
2024-07-02,28.752129437062408,2024,7
2024-07-03,58.566141944152974,2024,7
2024-07-04,46.257114699909025,2024,7
2024-07-05,69.71459991359725,2024,7
2024-07-06,73.74772103129501,2024,7
2024-07-07,101.79127284037227,2024,7
2024-07-08,61.59266346427151,2024,7
2024-07-09,56.51592633164333,2024,7
2024-07-10,53.88768603154672,2024,7
2024-07-11,42.936674143786234,2024,7
2024-07-12,56.76967686923382,2024,7
2024-07-13,44.091971797219415,2024,7
2024-07-14,53.36921952539229,2024,7
2024-07-15,76.3519507121592,2024,7
2024-07-16,29.869148694407176,2024,7
2024-07-17,72.7975712225809,2024,7
2024-07-18,76.34230134679731,2024,7
2024-07-19,47.63862946017842,2024,7
2024-07-20,7.562902019828108,2024,7
2024-07-21,37.84356025811135,2024,7
2024-07-22,75.93989093122218,2024,7
2024-07-23,49.542638754022356,2024,7
2024-07-24,30.013955354101785,2024,7
2024-07-25,39.90450157543565,2024,7
2024-07-26,66.81240053009105,2024,7
2024-07-27,60.93467136402759,2024,7
2024-07-28,45.22135801660611,2024,7
2024-07-29,42.663511763706246,2024,7
2024-07-30,42.16483701912356,2024,7
2024-07-31,31.55179631002995,2024,7
2024-08-01,82.30751378938884,2024,8
2024-08-02,43.5535906157732,2024,8
2024-08-03,74.34317041650993,2024,8
2024-08-04,80.42632103844903,2024,8
2024-08-05,69.9662179629592,2024,8
2024-08-06,41.367593745639034,2024,8
2024-08-07,58.07460180673219,2024,8
2024-08-08,49.51608787218168,2024,8
2024-08-09,31.925962785397438,2024,8
2024-08-10,56.48718563443206,2024,8
2024-08-11,26.41920417680395,2024,8
2024-08-12,73.75358776923127,2024,8
2024-08-13,40.70765405403214,2024,8
2024-08-14,54.023193117456785,2024,8
2024-08-15,55.665757430922845,2024,8
2024-08-16,44.82190052591845,2024,8
2024-08-17,61.733876029505495,2024,8
2024-08-18,40.501926867549514,2024,8
2024-08-19,67.42594594914488,2024,8
2024-08-20,23.08040639506503,2024,8
2024-08-21,52.52759159092824,2024,8
2024-08-22,88.77857998116569,2024,8
2024-08-23,29.993373507888506,2024,8
2024-08-24,36.44510058950297,2024,8
2024-08-25,60.2781569931783,2024,8
2024-08-26,53.591635638791956,2024,8
2024-08-27,57.012601985471186,2024,8
2024-08-28,59.78374260295327,2024,8
2024-08-29,62.6944293712354,2024,8
2024-08-30,72.19399683912447,2024,8
2024-08-31,58.19637313857025,2024,8
2024-09-01,45.17484690762915,2024,9
2024-09-02,63.451474024054626,2024,9
2024-09-03,87.9976386979043,2024,9
2024-09-04,47.34732507234853,2024,9
2024-09-05,30.50941390658717,2024,9
2024-09-06,72.14161338573945,2024,9
2024-09-07,47.59237672092804,2024,9
2024-09-08,6.546609079719275,2024,9
2024-09-09,66.94843354300843,2024,9
2024-09-10,39.29343628092155,2024,9
2024-09-11,48.189334353916784,2024,9
2024-09-12,56.63960661138029,2024,9
2024-09-13,53.809993595581325,2024,9
2024-09-14,64.1890363427808,2024,9
2024-09-15,41.29027258860313,2024,9
2024-09-16,60.26211596352165,2024,9
2024-09-17,44.80906644832166,2024,9
2024-09-18,64.77620961775006,2024,9
2024-09-19,62.30734968026107,2024,9
2024-09-20,31.291225959108093,2024,9
2024-09-21,71.71964232350064,2024,9
2024-09-22,39.28073109771904,2024,9
2024-09-23,66.1611559656229,2024,9
2024-09-24,57.345746268026815,2024,9
2024-09-25,86.76367353590246,2024,9
2024-09-26,45.53068035256295,2024,9
2024-09-27,43.01366407763605,2024,9
2024-09-28,49.611607882245345,2024,9
2024-09-29,43.93640434331449,2024,9
2024-09-30,65.998838038841,2024,9
2024-10-01,17.673787831268243,2024,10
2024-10-02,28.926351617072918,2024,10
2024-10-03,28.64394156841614,2024,10
2024-10-04,69.00615183947151,2024,10
2024-10-05,84.2122674516385,2024,10
2024-10-06,47.91101562925057,2024,10
2024-10-07,46.623565536199784,2024,10
2024-10-08,51.40104326226363,2024,10
2024-10-09,73.23756605216381,2024,10
2024-10-10,31.452937316188518,2024,10
2024-10-11,54.7673796546957,2024,10
2024-10-12,69.5039525956486,2024,10
2024-10-13,60.0218833987969,2024,10
2024-10-14,53.79163233197487,2024,10
2024-10-15,70.02092185134282,2024,10
2024-10-16,5.0,2024,10
2024-10-17,63.55750639061815,2024,10
2024-10-18,36.918486337451526,2024,10
2024-10-19,13.387342062870864,2024,10
2024-10-20,60.22405199049962,2024,10
2024-10-21,77.47317090325916,2024,10
2024-10-22,47.251029707446165,2024,10
2024-10-23,69.05749094405877,2024,10
2024-10-24,82.24556515977291,2024,10
2024-10-25,76.29828907168095,2024,10
2024-10-26,82.79929058742786,2024,10
2024-10-27,64.84254982143784,2024,10
2024-10-28,51.50867277803186,2024,10
2024-10-29,17.960683762056632,2024,10
2024-10-30,45.078750237401024,2024,10
2024-10-31,33.13506809367617,2024,10
2024-11-01,93.41885434995628,2024,11
2024-11-02,46.482283751353265,2024,11
2024-11-03,52.464096135689715,2024,11
2024-11-04,61.02970752080935,2024,11
2024-11-05,50.87204892744907,2024,11
2024-11-06,83.90102080861506,2024,11
2024-11-07,37.54701276531096,2024,11
2024-11-08,53.89214910474485,2024,11
2024-11-09,35.15058828603904,2024,11
2024-11-10,23.599549775585885,2024,11
2024-11-11,37.76461818189429,2024,11
2024-11-12,49.25926405903176,2024,11
2024-11-13,41.4139555096548,2024,11
2024-11-14,36.15158040252288,2024,11
2024-11-15,21.873650726563323,2024,11
2024-11-16,48.337888547426104,2024,11
2024-11-17,19.905592519379955,2024,11
2024-11-18,65.20111927379205,2024,11
2024-11-19,51.64879505869006,2024,11
2024-11-20,20.84897001070139,2024,11
2024-11-21,43.81581845900273,2024,11
2024-11-22,34.95687188818834,2024,11
2024-11-23,56.383490208383606,2024,11
2024-11-24,76.80900892046289,2024,11
2024-11-25,12.496550607085112,2024,11
2024-11-26,52.30052158294834,2024,11
2024-11-27,46.797344088667195,2024,11
2024-11-28,63.42680152900931,2024,11
2024-11-29,54.26393256475378,2024,11
2024-11-30,34.96061336522362,2024,11
2024-12-01,43.618921286667636,2024,12
2024-12-02,34.079482863930224,2024,12
2024-12-03,71.52014277197196,2024,12
2024-12-04,50.42623297343884,2024,12
2024-12-05,88.02381371506016,2024,12
2024-12-06,48.786783723707586,2024,12
2024-12-07,35.831864661790746,2024,12
2024-12-08,19.725712147743458,2024,12
2024-12-09,13.937206474881101,2024,12
2024-12-10,18.317281139890206,2024,12
2024-12-11,55.342533020229666,2024,12
2024-12-12,60.17450046459868,2024,12
2024-12-13,18.376185959357333,2024,12
2024-12-14,67.90076628152231,2024,12
2024-12-15,40.33877896633121,2024,12
2024-12-16,52.93586023971099,2024,12
2024-12-17,82.24441256510849,2024,12
2024-12-18,67.93678631731063,2024,12
2024-12-19,44.629387041883355,2024,12
2024-12-20,32.17615549169425,2024,12
2024-12-21,6.963691973413901,2024,12
2024-12-22,35.616933615151595,2024,12
2024-12-23,45.77739522344611,2024,12
2024-12-24,30.25640945697632,2024,12
2024-12-25,47.37486065815391,2024,12
2024-12-26,51.53703765917536,2024,12
2024-12-27,45.50288036383843,2024,12
2024-12-28,36.99994838353081,2024,12
2024-12-29,53.37309343933455,2024,12
2024-12-30,58.83881299138818,2024,12
2024-12-31,28.192018451143078,2024,12
